<?xml version="1.0" encoding="UTF-8" standalone="yes"?>
<addon id="repository.fixgates" name="Fixgates Repo" version="2.2.0" provider-name="Fixgates">
	<extension point="xbmc.addon.repository" name="Fixgates Repo">
		<dir minversion="18.0">
			<info compressed="false">https://raw.githubusercontent.com/fixgates/fixgates/master/repo/zips/addons.xml</info>
			<checksum>https://raw.githubusercontent.com/fixgates/fixgates/master/repo/zips/addons.xml.md5</checksum>
			<datadir zip="true">https://raw.githubusercontent.com/fixgates/fixgates/master/repo/zips/</datadir>
		</dir>
		<dir minversion="18.0" maxversion="18.9.0">
			<info compressed="false">https://raw.githubusercontent.com/fixgates/fixgates/master/leia/zips/addons.xml</info>
			<checksum>https://raw.githubusercontent.com/fixgates/fixgates/master/leia/zips/addons.xml.md5</checksum>
			<datadir zip="true">https://raw.githubusercontent.com/fixgates/fixgates/master/leia/zips/</datadir>
		</dir>
		<dir minversion="18.9.0">
			<info compressed="false">https://raw.githubusercontent.com/fixgates/fixgates/master/matrix/zips/addons.xml</info>
			<checksum>https://raw.githubusercontent.com/fixgates/fixgates/master/matrix/zips/addons.xml.md5</checksum>
			<datadir zip="true">https://raw.githubusercontent.com/fixgates/fixgates/master/matrix/zips/</datadir>
		</dir>
	</extension>
	<extension point="xbmc.addon.metadata">
		<summary>Fixgates</summary>
		<description>Fixgates Repository</description>
		<platform>all</platform>
		<assets>
			<icon>icon.png</icon>
			<fanart>fanart.png</fanart>
		</assets>
	</extension>
</addon>